LOCATION,TIME,PC_HEALTHXP,PC_GDP
SWE,1972,8.49,0.506
ISL,1972,17.838,0.891
CAN,1972,10.962,0.706
DEU,1975,14.332,1.149
FRA,1975,20.741,1.277
BEL,1975,21.886,1.214
AUS,1975,11.849,0.682
ISL,1973,16.597,0.759
CAN,1973,10.942,0.671
DEU,1974,14.881,1.094
BEL,1974,26.779,1.19
GBR,1971,15.992,0.642
FIN,1971,14.426,0.763
SWE,1971,7.768,0.455
NZL,1971,11.429,0.572
KOR,1970,20.498,0.539
GBR,1970,15.819,0.628
FRA,1970,24.413,1.27
FIN,1970,13.822,0.69
GBR,1979,13.627,0.646
FIN,1979,11.983,0.718
SWE,1979,7.381,0.548
LUX,1979,15.969,0.751
NOR,1977,6.355,0.353
NLD,1977,9.183,0.568
PRT,1977,20.706,0.846
KOR,1977,20.377,0.451
PRT,1978,24.23,1.021
KOR,1978,20.877,0.501
GBR,1978,13.849,0.665
FIN,1978,12.685,0.778
NZL,1976,10.638,0.644
AUS,1976,10.92,0.63
NOR,1976,6.876,0.366
NLD,1976,9.525,0.581
ISL,1981,15.576,0.939
CAN,1981,9.357,0.633
SWE,1980,6.974,0.539
LUX,1980,15.579,0.749
CAN,1980,8.934,0.584
ESP,1984,19.24,0.99
AUS,1984,9.465,0.569
NOR,1984,10.941,0.599
NLD,1984,9.244,0.606
DNK,1984,6.631,0.528
DEU,1982,13.99,1.151
BEL,1982,15.4,1.051
PRT,1986,23.01,1.365
KOR,1986,21.47,0.676
JPN,1986,18.892,1.188
GBR,1986,15.07,0.772
NZL,1986,14.491,0.73
FIN,1986,10.079,0.681
DEU,1983,14.21,1.168
BEL,1983,15.594,1.09
ESP,1983,20.64,1.101
AUS,1983,9.589,0.58
ISL,1989,15.347,1.196
CAN,1989,11.691,0.929
GBR,1987,14.468,0.749
NZL,1987,14.699,0.819
FIN,1987,10.069,0.694
USA,1987,8.695,0.857
TUR,1987,13.333,0.253
SWE,1987,8.143,0.578
LUX,1987,16.152,0.819
IRL,1987,11.546,0.745
USA,1988,8.634,0.885
SWE,1988,7.585,0.532
LUX,1988,15.491,0.813
IRL,1988,12.019,0.738
ISL,1988,14.692,1.171
CAN,1988,11.383,0.881
NOR,1985,10.661,0.584
NLD,1985,9.595,0.628
DNK,1985,6.864,0.546
PRT,1985,25.954,1.393
KOR,1985,21.452,0.704
JPN,1985,17.973,1.142
TUR,1990,22.021,0.539
GRC,1990,14.942,0.907
DEU,1990,14.709,1.181
BEL,1990,15.52,1.109
USA,1992,8.306,1.013
AUS,1992,11.407,0.779
NOR,1992,7.903,0.593
NLD,1992,10.996,0.811
ITA,1992,21.474,1.524
DNK,1992,8.123,0.646
GRC,1991,17.082,1.012
BEL,1991,15.597,1.163
AUT,1991,10.001,0.778
USA,1991,8.668,1.033
AUS,1991,10.937,0.74
NLD,1993,11.522,0.861
ITA,1993,20.351,1.438
DNK,1993,8.692,0.72
PRT,1993,26.203,1.691
KOR,1993,21.279,0.74
JPN,1993,22.255,1.383
PRT,1994,26.03,1.673
KOR,1994,22.389,0.736
JPN,1994,21.057,1.361
GBR,1994,15.948,0.969
NZL,1994,15.806,1.099
FRA,1994,17.898,1.582
FIN,1994,13.733,1
CZE,1994,28.254,1.548
GBR,1995,16.126,0.896
NZL,1995,14.775,1.027
FIN,1995,14.321,1.053
CZE,1995,28.28,1.612
SWE,1995,12.929,0.931
IRL,1995,12.044,0.735
LUX,1998,12.309,0.67
GRC,1998,14.475,1.097
AUT,1998,11.843,1.084
SWE,1996,14.254,1.055
IRL,1996,12.882,0.764
ISL,1996,14.277,1.13
CAN,1996,14.578,1.215
GRC,1999,15.079,1.171
AUT,1999,12.551,1.168
USA,1999,10.888,1.344
MEX,1999,18.935,0.832
AUS,1999,14.679,1.074
ISL,1997,15.489,1.203
CAN,1997,15.255,1.269
LUX,1997,12.647,0.67
HUN,1997,27.639,1.742
USA,2000,11.497,1.436
ESP,2000,21.958,1.493
MEX,2000,19.936,0.887
AUS,2000,15.702,1.192
SVK,2000,34.69,1.839
NOR,2000,10.212,0.787
NLD,2000,12.025,0.927
ITA,2000,21.158,1.601
DNK,2000,9.068,0.735
PRT,2003,22.043,2.011
JPN,2003,19.527,1.462
FIN,2003,15.549,1.234
EST,2003,24.312,1.249
SWE,2003,14.457,1.202
IRL,2003,15.088,1.057
SWE,2004,14.358,1.167
IRL,2004,15.655,1.13
BEL,2004,17.109,1.596
ISL,2004,15.617,1.457
CAN,2004,17.992,1.631
SVN,2002,22.091,1.772
KOR,2002,27.74,1.114
DEU,2002,14.909,1.518
PRT,2002,22.255,1.955
JPN,2002,18.64,1.37
FRA,2002,17.188,1.723
FIN,2002,15.654,1.194
CZE,2002,25.069,1.549
LUX,2006,10.198,0.677
POL,2006,28.819,1.672
GRC,2006,26.709,2.206
AUT,2006,13.271,1.265
SVK,2001,34.657,1.848
NLD,2001,11.79,0.95
ITA,2001,21.92,1.696
HUN,2001,29.674,2.026
DNK,2001,8.983,0.759
KOR,2001,26.517,1.139
DEU,2001,14.683,1.457
ISL,2005,14.719,1.317
CAN,2005,18.058,1.632
LUX,2005,10.208,0.727
NLD,2021,6.767,0.764
ITA,2021,17.111,1.606
ISL,2021,11.847,1.153
GRC,2021,27.047,2.481
CAN,2021,13.785,1.7
CHL,2021,12.289,1.148
LUX,2021,10.903,0.618
PRT,2007,21.985,2.034
POL,2007,26.54,1.559
GRC,2007,26.848,2.255
AUT,2007,13.486,1.286
CYP,2007,21.054,1.121
USA,2007,13.017,1.942
ESP,2007,18.094,1.433
MEX,2007,33.928,1.956
BEL,2007,16.616,1.518
AUS,2007,15.201,1.224
SVK,2009,29.429,2.339
NOR,2009,7.606,0.687
ITA,2009,18.964,1.698
HUN,2009,32.863,2.373
DNK,2009,7.613,0.813
LVA,2009,24.354,1.485
SVN,2009,19.75,1.687
KOR,2009,25.936,1.468
DEU,2009,15.215,1.71
SVN,2010,19.778,1.694
CHE,2010,10.52,1.045
KOR,2010,25.155,1.464
DEU,2010,14.995,1.664
ROU,2010,24.73,1.395
JPN,2010,20.473,1.855
FRA,2010,15.368,1.725
FIN,2010,13.035,1.192
LTU,2010,26.716,1.821
ISR,2012,13.25,0.924
EST,2012,19.285,1.175
SWE,2012,10.358,1.112
IRL,2012,14.169,1.502
HRV,2012,30.083,2.255
CRI,2012,14.365,1.118
NLD,2012,8.173,0.861
ISL,2012,14.994,1.227
GRC,2012,29.002,2.588
CAN,2012,17.462,1.835
USA,2008,12.895,1.961
ESP,2008,17.483,1.465
AUS,2008,15.412,1.271
BGR,2008,35.314,2.219
SVK,2008,30.159,2.098
NOR,2008,7.95,0.629
ITA,2008,19.185,1.637
HUN,2008,31.912,2.262
DNK,2008,8.328,0.792
LVA,2008,21.484,1.2
EST,2020,15.45,1.171
POL,2020,19.735,1.282
IRL,2020,11.376,0.809
HRV,2020,20.866,1.613
CRI,2020,8.225,0.644
NLD,2020,6.887,0.772
ITA,2020,17.655,1.699
ISL,2020,11.426,1.099
GRC,2020,30.198,2.87
JPN,2011,18.911,1.983
FRA,2011,14.966,1.674
FIN,2011,12.463,1.15
CZE,2011,19.563,1.479
LTU,2011,26.038,1.689
ISR,2011,13.436,0.919
EST,2011,19.024,1.156
SWE,2011,10.475,1.091
SVN,2018,17.958,1.486
KOR,2018,20.16,1.51
DEU,2018,14.179,1.628
ROU,2018,24.678,1.362
GBR,2018,11.253,1.095
JPN,2018,17.796,1.911
FRA,2018,13.704,1.536
FIN,2018,12.396,1.121
CZE,2018,16.318,1.219
LTU,2018,22.054,1.44
GBR,2019,10.976,1.093
JPN,2019,20.7,2.271
FRA,2019,13.496,1.497
FIN,2019,12.361,1.134
CZE,2019,15.785,1.2
LTU,2019,22.458,1.57
BGR,2019,34.357,2.436
ISR,2019,13.316,0.955
EST,2019,16.6,1.132
SWE,2019,9.604,1.04
IRL,2019,11.5,0.772
NLD,2013,7.668,0.812
ISL,2013,13.901,1.136
GRC,2013,27.424,2.314
CAN,2013,17.036,1.774
LUX,2013,12.198,0.639
CHE,2017,10.545,1.165
SVK,2017,26.39,1.783
NOR,2017,7.636,0.781
HUN,2017,27.751,1.871
DNK,2017,6.508,0.657
LVA,2017,27.404,1.635
COL,2017,15.581,1.196
MLT,2017,17.027,1.487
SVN,2017,18.395,1.506
KOR,2017,20.608,1.452
DEU,2017,14.224,1.612
LUX,2014,11.697,0.612
PRT,2014,15.89,1.485
AUT,2014,12.144,1.259
USA,2016,12.263,2.06
ESP,2016,15.875,1.42
BEL,2016,12.043,1.3
AUS,2016,12.915,1.303
BRA,2016,18.259,1.674
CHE,2016,10.333,1.136
SVK,2016,26.594,1.854
NOR,2016,7.566,0.797
HUN,2016,29.474,2.06
DNK,2016,6.576,0.673
LVA,2016,28.286,1.735
PRT,2015,15.883,1.48
AUT,2015,12.292,1.274
USA,2015,12.707,2.095
ESP,2015,15.298,1.395
MEX,2015,22.633,1.295
BEL,2015,12.27,1.325
AUS,2015,12.442,1.267
NOR,2001,9.993,0.8
NOR,1993,10.101,0.745
DEU,1992,15.362,1.382
FRA,1995,15.393,1.521
CYP,2015,18.405,1.25
ESP,1999,22.123,1.528
IRL,2011,14.047,1.49
ISL,1980,16.628,0.981
AUT,1990,10.131,0.782
POL,2019,19.699,1.273
FRA,2003,17.559,1.77
CZE,2003,25.196,1.644
BEL,2003,17.397,1.594
CZE,2010,19.524,1.481
MEX,2008,33.143,1.889
BEL,2008,14.855,1.425
EST,2004,24.584,1.312
LUX,2022,10.975,0.599
ISR,2020,15.707,1.211
MEX,2016,22.725,1.262
CAN,2020,14.236,1.856
BEL,1970,28.113,1.084
DEU,1970,17.002,0.971
PRT,1970,14.226,0.322
SWE,1970,7.666,0.416
ISL,1970,17.13,0.798
CAN,1970,11.962,0.749
NLD,1972,11.687,0.653
NOR,1972,7.166,0.332
DEU,1972,15.851,1.032
BEL,1972,27.629,1.132
AUS,1971,15.992,0.726
ISL,1971,17.31,0.882
CAN,1971,11.529,0.751
GBR,1974,14.959,0.695
FIN,1974,13.361,0.691
AUS,1974,14.771,0.754
NOR,1974,7.236,0.346
NLD,1974,10.327,0.601
SWE,1975,8.56,0.552
NOR,1975,7.103,0.369
NLD,1975,9.894,0.609
KOR,1975,20.461,0.475
AUS,1979,8.981,0.523
ISL,1979,13.522,0.862
CAN,1979,9.081,0.577
IRL,1979,13.191,0.897
LUX,1976,17.587,0.71
ISL,1976,14.845,0.786
CAN,1976,8.957,0.582
KOR,1976,20.913,0.489
GBR,1976,13.111,0.649
FIN,1976,12.746,0.764
KOR,1973,20.079,0.357
DEU,1973,15.289,1.044
BEL,1973,27.547,1.206
AUS,1973,15.117,0.681
BEL,1978,17.789,1.141
DEU,1978,13.955,1.123
LUX,1978,16.285,0.754
SWE,1978,7.507,0.565
ISL,1978,14.505,0.818
CAN,1978,8.882,0.573
PRT,1981,19.472,0.978
KOR,1981,21.515,0.768
DEU,1981,13.98,1.174
BEL,1981,16.044,1.058
ESP,1981,21.468,1.093
AUS,1981,9.388,0.547
IRL,1977,14.717,0.904
GBR,1977,13.654,0.662
FIN,1977,12.686,0.786
SWE,1977,7.701,0.576
TUR,1983,11.905,0.261
SWE,1983,7.393,0.579
LUX,1983,14.993,0.707
IRL,1983,10.115,0.706
NOR,1983,10.673,0.621
NLD,1983,8.547,0.584
DNK,1983,6.407,0.539
PRT,1983,20.083,0.969
KOR,1983,21.544,0.736
GBR,1982,14.488,0.742
NZL,1982,11.429,0.658
FIN,1982,10.391,0.637
ESP,1982,22.189,1.15
AUS,1982,9.248,0.564
NOR,1982,10.88,0.614
NLD,1982,8.651,0.591
DNK,1982,6.189,0.534
NLD,1980,8.412,0.548
NOR,1980,11.023,0.596
DNK,1980,6.301,0.53
IRL,1980,11.707,0.879
JPN,1980,21.181,1.295
DEU,1980,13.895,1.125
BEL,1980,17.374,1.074
ISL,1984,17.058,1.114
CAN,1984,9.5,0.717
KOR,1984,21.316,0.692
PRT,1984,20.577,1.019
JPN,1984,19.458,1.214
GBR,1984,15.156,0.794
NZL,1984,12.433,0.66
FIN,1984,10.57,0.662
GBR,1985,15.008,0.771
NZL,1985,13.308,0.65
FIN,1985,10.174,0.677
TUR,1985,13.889,0.207
SWE,1985,7.671,0.556
LUX,1985,16.106,0.755
IRL,1985,10.539,0.721
ESP,1987,19.317,0.978
AUS,1987,9.543,0.582
ISL,1987,15.35,1.135
CAN,1987,11.058,0.856
BEL,1986,15.708,1.108
DEU,1986,14.357,1.203
TUR,1986,12.403,0.227
LUX,1986,16.361,0.762
IRL,1986,11.044,0.745
SWE,1986,7.933,0.557
ISL,1986,16.508,1.191
CAN,1986,10.756,0.839
NLD,1988,10.472,0.698
NOR,1988,7.712,0.485
ITA,1988,23.07,1.534
DNK,1988,7.33,0.6
GRC,1988,15.393,0.844
DEU,1988,14.634,1.267
BEL,1988,16.479,1.18
SWE,1991,9.154,0.654
LUX,1991,15.004,0.764
IRL,1991,11.995,0.728
NOR,1991,7.799,0.573
NLD,1991,10.144,0.727
ITA,1991,20.922,1.512
DNK,1991,8.145,0.647
PRT,1991,24.786,1.497
KOR,1991,21.219,0.731
JPN,1991,22.868,1.297
ISL,1992,13.313,1.042
CZE,1992,24.69,0.98
CAN,1992,12.75,1.186
KOR,1992,20.58,0.733
PRT,1992,25.336,1.568
JPN,1992,22.009,1.302
GBR,1992,15.092,0.896
NZL,1992,14.218,1.028
FRA,1992,17.619,1.488
FIN,1992,11.166,0.951
GBR,1990,14.485,0.737
NZL,1990,13.751,0.916
FRA,1990,17.282,1.382
FIN,1990,9.864,0.715
USA,1990,8.771,0.986
AUS,1990,10.474,0.677
NOR,1990,7.659,0.542
NLD,1990,10.168,0.711
ITA,1990,21.43,1.498
DNK,1990,7.621,0.613
PRT,1989,24.267,1.344
KOR,1989,21.51,0.789
JPN,1989,22.319,1.293
DEU,1989,14.819,1.195
GRC,1989,14.147,0.851
BEL,1989,16.231,1.153
USA,1989,8.65,0.918
ESP,1989,18.798,1.081
AUS,1989,10.199,0.623
HUN,1993,30.694,2.121
GBR,1993,15.52,0.932
NZL,1993,14.854,1.03
FRA,1993,18.002,1.594
IRL,1993,11.968,0.763
ESP,1995,19.775,1.39
USA,1995,8.393,1.049
AUS,1995,12.762,0.883
DEU,1995,13.179,1.256
ISL,1995,13.794,1.084
CAN,1995,14.358,1.225
LUX,1995,12.038,0.664
HUN,1995,26.713,1.796
BEL,1994,17.459,1.32
GRC,1994,16.73,1.335
AUT,1994,9.457,0.85
IRL,1994,12.097,0.759
SWE,1994,12.355,0.9
ISL,1994,13.419,1.038
CAN,1994,13.613,1.203
NLD,1996,11.627,0.839
NOR,1996,9.653,0.694
ITA,1996,19.968,1.387
DNK,1996,9.16,0.718
LUX,1996,11.524,0.642
HUN,1996,27.273,1.812
GRC,1996,16.693,1.315
BEL,1996,17.119,1.338
AUT,1996,9.839,0.874
FIN,1998,14.646,0.999
FRA,1998,15.872,1.533
CZE,1998,25.085,1.403
ESP,1998,21.66,1.493
USA,1998,9.916,1.225
AUS,1998,14.084,1.018
NOR,1998,9.592,0.808
ITA,1998,20.643,1.496
DNK,1998,10.367,0.783
EST,1999,19.973,1.133
SWE,1999,14.635,1.072
IRL,1999,13.97,0.78
NOR,1999,9.601,0.809
SVK,1999,34.81,1.926
NLD,1999,11.952,0.935
ITA,1999,21.177,1.549
DNK,1999,9.051,0.755
KOR,1999,22.414,0.856
DEU,1999,13.989,1.372
PRT,1997,24.72,1.833
KOR,1997,23.065,0.799
JPN,1997,19.496,1.226
DEU,1997,13.436,1.306
GRC,1997,16.871,1.298
BEL,1997,17.497,1.343
AUT,1997,11.213,1.007
USA,1997,9.35,1.157
ESP,1997,21.321,1.479
AUS,1997,13.437,0.951
CAN,2022,14.469,1.614
TUR,2000,27.806,1.279
CAN,2000,16.601,1.369
KOR,2000,24.478,0.944
DEU,2000,14.072,1.392
JPN,2000,18.406,1.295
FRA,2000,16.899,1.62
FIN,2000,15.036,1.066
BGR,2004,35.617,2.454
SVK,2004,34.185,2.212
NZL,2004,10.767,0.851
NLD,2004,11.167,1.017
NOR,2004,10.062,0.885
ITA,2004,20.996,1.714
HUN,2004,29.108,2.258
DNK,2004,8.921,0.804
LVA,2004,23.68,1.469
LUX,2004,10.412,0.758
POL,2004,31,1.819
GRC,2004,24.716,2
POL,2002,29.509,1.79
GRC,2002,19.949,1.643
AUT,2002,13.154,1.236
EST,2002,27.158,1.277
IRL,2002,14.779,0.986
SWE,2002,14.962,1.228
ISL,2002,15.404,1.449
CAN,2002,17.438,1.544
CYP,2003,22.352,1.259
ESP,2003,21.418,1.62
USA,2003,12.636,1.833
AUS,2003,15.761,1.242
CAN,2003,17.845,1.608
LUX,2003,10.965,0.763
ROU,2003,20.503,1.101
LUX,2001,10.958,0.699
PRT,2001,22.192,1.915
JPN,2001,18.859,1.365
FRA,2001,17.333,1.682
FIN,2001,15.467,1.121
CZE,2001,24.981,1.465
SWE,2001,14.856,1.174
IRL,2001,14.435,0.923
EST,2001,25.52,1.22
SVN,2005,21.305,1.704
KOR,2005,27.579,1.254
DEU,2005,15.114,1.558
POL,2005,29.762,1.728
GRC,2005,24.944,2.136
AUT,2005,13.239,1.274
CYP,2005,21.963,1.187
USA,2005,12.841,1.872
ESP,2005,19.935,1.541
MEX,2005,35.603,2.078
BEL,2005,16.957,1.564
AUS,2005,15.218,1.213
ROU,2006,27.979,1.419
PRT,2006,22.131,2.07
JPN,2006,19.789,1.521
FIN,2006,14.152,1.172
CZE,2006,23.478,1.447
CYP,2006,21.175,1.151
ESP,2006,18.819,1.473
USA,2006,13.128,1.931
MEX,2006,34.725,1.964
AUS,2006,15.276,1.219
BGR,2006,36.808,2.402
SVK,2006,31.128,2.132
NOR,2006,9.232,0.728
NZL,2006,11.308,0.977
ITA,2006,20.124,1.698
HUN,2006,31.981,2.488
DNK,2006,8.718,0.799
LVA,2006,23.176,1.322
ISR,2007,13.602,0.911
EST,2007,19.124,0.991
SWE,2007,13.889,1.111
IRL,2007,16.356,1.277
BGR,2007,35.301,2.173
NOR,2007,8.579,0.688
SVK,2007,29.372,2.108
NZL,2007,10.394,0.866
HUN,2007,31.617,2.278
ITA,2007,20.002,1.627
DNK,2007,8.886,0.829
LVA,2007,27.619,1.522
SVN,2007,20.077,1.508
KOR,2007,27.469,1.361
DEU,2007,15.313,1.539
NLD,2008,9.974,0.925
ISL,2008,14.873,1.241
CAN,2008,17.519,1.683
SVN,2008,19.07,1.498
KOR,2008,26.395,1.385
DEU,2008,15.337,1.572
ROU,2008,25.837,1.298
JPN,2008,19.9,1.61
FRA,2008,16.263,1.708
FIN,2008,14.092,1.176
CZE,2008,20.906,1.323
LTU,2008,26.126,1.645
CYP,2008,18.568,1.118
SVN,2021,16.582,1.572
KOR,2021,17.677,1.65
DEU,2021,13.866,1.793
PRT,2021,14.583,1.624
AUT,2021,11.431,1.383
USA,2021,11.743,2.039
ESP,2021,14.554,1.563
BEL,2021,10.782,1.191
HRV,2021,18,1.458
CRI,2021,8.522,0.645
PRT,2010,19.215,1.928
POL,2010,24.333,1.574
AUT,2010,12.22,1.249
ISR,2010,13.623,0.938
EST,2010,19.617,1.294
IRL,2010,14.815,1.559
SWE,2010,13.582,1.13
NLD,2010,9.464,0.961
ISL,2010,16.277,1.361
GRC,2010,28.766,2.761
CAN,2010,18.23,1.946
LUX,2009,9.86,0.685
ROU,2009,24.846,1.311
JPN,2009,20.982,1.88
FRA,2009,15.71,1.773
FIN,2009,13.561,1.242
CZE,2009,22.139,1.605
LTU,2009,26.661,1.964
ISR,2009,14.012,0.969
SWE,2009,13.742,1.205
IRL,2009,15.135,1.593
EST,2009,19.121,1.309
CYP,2011,15.947,1.026
ESP,2011,16.328,1.497
USA,2011,12.427,2.006
BEL,2011,13.608,1.41
AUS,2011,15.311,1.307
MEX,2011,22.593,1.247
CRI,2011,14.943,1.212
NLD,2011,9.341,0.956
ISL,2011,15.622,1.281
GRC,2011,30.981,2.848
CAN,2011,17.903,1.858
NOR,2012,7.733,0.674
HUN,2012,32.579,2.414
DNK,2012,7.231,0.76
LVA,2012,25.519,1.381
PRT,2012,17.091,1.65
POL,2012,22.255,1.394
AUT,2012,12.063,1.23
BGR,2012,37.745,2.846
HRV,2016,21.665,1.457
CRI,2016,13.614,0.996
NLD,2016,7.707,0.793
ITA,2016,17.647,1.54
ISL,2016,11.588,0.938
GRC,2016,27.953,2.362
CAN,2016,16.625,1.834
COL,2016,15.532,1.17
MLT,2016,16.532,1.482
SVN,2016,18.27,1.549
KOR,2016,20.976,1.441
DEU,2016,14.443,1.624
ROU,2016,31.075,1.579
GBR,2016,11.964,1.164
JPN,2016,18.569,1.979
FRA,2016,14.129,1.621
FIN,2016,12.574,1.179
CZE,2016,17.755,1.322
LTU,2016,27.189,1.805
CYP,2016,18.628,1.239
ROU,2014,35.293,1.775
GBR,2014,12.181,1.201
JPN,2014,18.803,2.017
FIN,2014,11.811,1.155
FRA,2014,14.696,1.696
CZE,2014,18.116,1.379
LTU,2014,27.836,1.724
CYP,2014,16.769,1.162
ESP,2014,15.61,1.418
USA,2014,12.527,2.029
MEX,2014,23.036,1.279
AUS,2014,12.498,1.229
CHE,2014,10.225,1.066
SVK,2014,27.029,1.861
NOR,2014,7.49,0.695
ITA,2014,17.007,1.508
HUN,2014,30.112,2.122
DNK,2014,6.771,0.697
LVA,2014,26.97,1.473
BGR,2015,35.948,2.657
ISR,2015,13.401,0.941
EST,2015,17.538,1.165
SWE,2015,10.09,1.09
POL,2015,21.213,1.359
IRL,2015,12.717,0.933
BRA,2015,18.249,1.626
CHE,2015,10.177,1.097
NOR,2015,7.676,0.773
SVK,2015,26.866,1.817
HUN,2015,29.8,2.043
ITA,2015,17.861,1.582
DNK,2015,6.711,0.693
LVA,2015,27.649,1.563
COL,2015,15.403,1.159
MLT,2015,17.907,1.593
SVN,2015,18.252,1.555
KOR,2015,21.061,1.388
DEU,2015,14.369,1.608
SVN,2013,20.096,1.756
CHE,2013,10.228,1.062
KOR,2013,22.588,1.389
DEU,2013,14.005,1.54
POL,2013,21.704,1.406
PRT,2013,16.062,1.511
AUT,2013,11.886,1.223
CYP,2013,16.422,1.138
USA,2013,11.975,1.915
ESP,2013,16.278,1.475
MEX,2013,22.564,1.311
BEL,2013,12.534,1.326
AUS,2013,14.345,1.255
CRI,2013,13.506,1.037
PRT,2018,14.676,1.381
AUT,2018,11.951,1.237
BGR,2018,35.409,2.595
ISR,2018,13.247,0.957
EST,2018,17.374,1.163
POL,2018,20.794,1.313
IRL,2018,12.161,0.836
SWE,2018,9.914,1.085
HRV,2018,20.505,1.384
CRI,2018,9.4,0.685
NLD,2018,7.379,0.739
ITA,2018,17.896,1.554
ISL,2018,10.759,0.901
GRC,2018,27.342,2.22
CAN,2018,15.927,1.737
MLT,2018,16.801,1.439
CHE,2020,10.849,1.273
SVK,2020,23.721,1.691
NOR,2020,7.182,0.808
HUN,2020,25.663,1.87
DNK,2020,6.53,0.69
LVA,2020,22.889,1.657
CHL,2020,12.334,1.2
LUX,2020,10.806,0.62
PRT,2020,15.64,1.65
AUT,2020,12.131,1.381
BGR,2020,32.623,2.766
LUX,2017,11.433,0.587
ROU,2017,25.966,1.347
GBR,2017,11.753,1.128
JPN,2017,18.272,1.947
FRA,2017,14.092,1.6
FIN,2017,12.24,1.117
CZE,2017,17.172,1.267
LTU,2017,24.005,1.552
BGR,2017,36.971,2.77
ISR,2017,12.706,0.912
SWE,2017,9.825,1.06
POL,2017,20.331,1.338
IRL,2017,12.59,0.897
EST,2017,17.555,1.158
BRA,2017,17.972,1.702
CYP,2019,15.497,1.095
ESP,2019,14.749,1.349
USA,2019,11.767,1.961
BEL,2019,11.314,1.221
AUS,2019,12.049,1.231
HRV,2019,20.239,1.377
CRI,2019,9.076,0.655
NLD,2019,7.299,0.74
ISL,2019,11.082,0.951
GRC,2019,28.35,2.324
CAN,2019,15.846,1.744
LUX,2019,10.601,0.58
CHL,2019,13.961,1.307
ROU,2019,25.773,1.473
HRV,2011,29.869,2.23
LUX,2011,8.877,0.528
ROU,2011,38.451,1.721
FIN,1993,12.652,0.991
SWE,1993,11.203,0.858
FRA,2006,16.882,1.753
LTU,2006,30.993,1.811
BEL,2006,16.427,1.5
HRV,2013,25.348,1.629
BEL,2014,12.223,1.297
MEX,2003,35.894,2.087
ISL,2003,15.593,1.517
ISL,2000,15.975,1.422
PRT,2000,21.566,1.855
CZE,2000,24.659,1.406
SVK,2012,26.544,2
ITA,2012,16.633,1.461
LUX,2012,12.526,0.663
AUT,2004,13.308,1.292
NLD,1998,11.641,0.907
ITA,2019,18.267,1.581
SWE,2021,9.25,1.04
CYP,2021,14.99,1.413
DNK,2022,6.396,0.607
MEX,2021,22.102,1.343
MEX,2019,22.155,1.207
NOR,1970,8.564,0.342
NOR,1971,7.933,0.338
KOR,1971,19.623,0.448
DEU,1971,16.225,1.004
BEL,1971,28.275,1.115
SWE,1974,8.995,0.555
ISL,1974,13.78,0.72
CAN,1974,10.026,0.606
KOR,1974,19.946,0.308
GBR,1973,15.005,0.603
FIN,1973,13.736,0.719
SWE,1973,9.326,0.554
NOR,1973,7.057,0.338
NLD,1973,11.175,0.629
KOR,1972,20.103,0.418
GBR,1972,15.6,0.638
FIN,1972,14.398,0.775
AUS,1972,15.091,0.685
DEU,1977,13.85,1.104
BEL,1977,18.301,1.139
AUS,1977,10.087,0.612
LUX,1977,16.39,0.719
ISL,1977,14.553,0.763
CAN,1977,8.9,0.577
ISL,1975,16.23,0.916
IRL,1975,14.749,0.974
GBR,1975,12.706,0.627
FIN,1975,12.871,0.728
NOR,1979,5.787,0.322
NLD,1979,8.645,0.559
PRT,1979,25.041,1.026
KOR,1979,21.138,0.659
DEU,1979,13.881,1.096
BEL,1979,17.386,1.112
IRL,1976,14.869,0.958
DEU,1976,14.234,1.144
BEL,1976,18.88,1.087
SWE,1976,8.118,0.547
AUS,1978,9.958,0.591
NOR,1978,5.545,0.338
NLD,1978,8.954,0.564
IRL,1978,14.189,0.918
SWE,1982,7.298,0.578
TUR,1982,12.903,0.277
LUX,1982,15.163,0.729
IRL,1982,10.546,0.734
ISL,1982,16.104,1.017
CAN,1982,9.071,0.68
PRT,1982,18.984,0.965
KOR,1982,21.542,0.76
GBR,1981,13.383,0.707
NZL,1981,10.843,0.62
FIN,1981,10.899,0.658
TUR,1981,10.714,0.276
LUX,1981,15.692,0.774
IRL,1981,10.527,0.747
SWE,1981,7.019,0.549
NOR,1981,10.847,0.59
NLD,1981,8.378,0.553
DNK,1981,6.149,0.527
DEU,1984,14.27,1.19
BEL,1984,14.967,1.023
TUR,1984,10.938,0.231
SWE,1984,7.157,0.547
LUX,1984,15.4,0.713
IRL,1984,10.509,0.717
PRT,1988,23.255,1.397
JPN,1988,20.631,1.238
KOR,1988,21.153,0.675
GBR,1988,14.664,0.746
NZL,1988,14.213,0.865
FIN,1988,9.968,0.668
ESP,1988,18.402,1.036
AUS,1988,9.823,0.595
ISL,1983,18.211,1.261
CAN,1983,9.145,0.701
GBR,1983,14.289,0.76
NZL,1983,11.962,0.671
FIN,1983,10.642,0.662
PRT,1980,20.977,1.005
KOR,1980,21.059,0.724
GBR,1980,13.528,0.685
NZL,1980,11.865,0.684
FIN,1980,11.217,0.664
FRA,1980,16.389,1.108
ESP,1980,21.807,1.08
AUS,1980,9.263,0.539
DEU,1985,14.302,1.213
FRA,1985,16.577,1.272
BEL,1985,15.684,1.079
ESP,1985,21.034,1.058
AUS,1985,9.56,0.579
ISL,1985,17.414,1.177
CAN,1985,10.061,0.76
ESP,1986,19.646,0.981
AUS,1986,9.568,0.599
NOR,1986,10.51,0.622
NLD,1986,9.969,0.661
DNK,1986,7.276,0.563
NOR,1987,10.322,0.635
NLD,1987,10.399,0.701
DNK,1987,6.888,0.555
PRT,1987,25.339,1.462
KOR,1987,21.475,0.658
JPN,1987,20.271,1.271
BEL,1987,15.952,1.142
DEU,1987,14.592,1.237
GBR,1989,14.777,0.744
NZL,1989,14.344,0.895
FIN,1989,9.812,0.662
LUX,1989,15.674,0.802
IRL,1989,12.994,0.749
SWE,1989,8.6,0.608
NOR,1989,8.141,0.498
NLD,1989,9.973,0.682
ITA,1989,23.294,1.545
DNK,1989,7.023,0.566
USA,1994,8.065,0.999
DEU,1994,13.384,1.236
AUS,1994,12.508,0.86
TUR,1994,31.628,0.829
NOR,1994,9.282,0.677
NLD,1994,11.406,0.839
ITA,1994,20.117,1.39
DNK,1994,9.047,0.731
HUN,1994,30.348,2.241
ISL,1991,12.775,0.974
CZE,1991,21.496,0.827
CAN,1991,12.135,1.098
HUN,1991,30.084,1.912
GBR,1991,14.7,0.806
NZL,1991,14.071,0.999
FRA,1991,17.702,1.455
FIN,1991,10.343,0.86
HUN,1992,28.857,1.975
GRC,1992,17.802,1.154
BEL,1992,16.282,1.244
AUT,1992,9.889,0.799
SWE,1992,10.108,0.75
IRL,1992,11.891,0.752
SWE,1990,8.628,0.617
ESP,1990,18.556,1.129
LUX,1990,14.939,0.793
IRL,1990,12.777,0.717
ISL,1990,13.98,1.041
CZE,1990,24.212,0.899
CAN,1990,11.914,0.996
PRT,1990,25.305,1.396
KOR,1990,21.222,0.766
JPN,1990,21.422,1.213
AUT,1993,9.746,0.838
GRC,1993,17.283,1.257
BEL,1993,17.445,1.354
USA,1993,8.079,1.006
DEU,1993,13.767,1.237
AUS,1993,11.977,0.82
ISL,1993,12.78,1.011
CZE,1993,22.358,1.189
CAN,1993,13.377,1.229
NOR,1995,9.514,0.692
NLD,1995,11.65,0.847
DNK,1995,9.329,0.725
KOR,1995,22.904,0.756
JPN,1995,21.039,1.299
GRC,1995,16.305,1.3
BEL,1995,18.068,1.358
AUT,1995,9.542,0.851
PRT,1996,24.626,1.835
JPN,1996,21.039,1.265
KOR,1996,22.837,0.805
GBR,1996,16.546,0.916
NZL,1996,14.541,1.002
FIN,1996,14.875,1.112
FRA,1996,15.224,1.505
CZE,1996,27.665,1.545
USA,1996,8.858,1.104
ESP,1996,20.275,1.43
AUS,1996,13.106,0.925
DEU,1996,13.457,1.322
NZL,1997,14.355,1.019
FIN,1997,15.244,1.087
FRA,1997,15.462,1.509
CZE,1997,27.252,1.525
IRL,1997,12.558,0.734
SWE,1997,13.028,0.94
NLD,1997,11.499,0.808
ITA,1997,20.183,1.455
DNK,1997,9.295,0.72
BGR,2003,37,2.664
SVK,2003,40.239,2.192
NOR,2003,9.877,0.908
NLD,2003,11.375,1.03
ITA,2003,21.375,1.674
SVN,2003,21.213,1.718
KOR,2003,28.558,1.223
DEU,2003,14.821,1.542
POL,2003,31.574,1.88
AUT,2003,13.607,1.299
SWE,1998,14.286,1.042
IRL,1998,13.213,0.744
ISL,1998,14.498,1.227
CAN,1998,15.702,1.342
PRT,1998,24.15,1.783
KOR,1998,22.294,0.809
JPN,1998,17.942,1.168
DEU,1998,13.949,1.357
ISL,1999,14.402,1.274
CAN,1999,16.199,1.349
LUX,1999,11.965,0.672
JPN,1999,18.152,1.246
FRA,1999,16.395,1.584
FIN,1999,15.566,1.058
CZE,1999,24.149,1.393
AUT,2001,12.897,1.196
GRC,2001,19.075,1.524
ESP,2001,21.949,1.486
USA,2001,11.959,1.575
MEX,2001,19.889,0.959
AUS,2001,16.059,1.233
ISL,2001,15.542,1.36
CAN,2001,16.921,1.459
ESP,2002,22.65,1.54
USA,2002,12.273,1.718
MEX,2002,21.64,1.098
AUS,2002,15.374,1.211
NOR,2002,10.057,0.903
SVK,2002,37.564,2.07
NLD,2002,11.427,0.988
ITA,2002,21.865,1.72
HUN,2002,28.947,2.061
DNK,2002,9.409,0.819
LUX,2002,10.879,0.735
GRC,2000,19.871,1.439
AUT,2000,12.734,1.172
EST,2000,22.79,1.177
SWE,2000,14.511,1.063
IRL,2000,14.176,0.836
NLD,2007,10.895,0.986
ISL,2007,13.878,1.159
CAN,2007,17.726,1.674
LUX,2007,10.673,0.657
ROU,2007,26.556,1.334
JPN,2007,19.972,1.554
FRA,2007,16.566,1.709
FIN,2007,14.171,1.146
CZE,2007,22.213,1.33
LTU,2007,28.47,1.641
SWE,2006,14.186,1.142
EST,2006,20.153,1.002
IRL,2006,16.465,1.238
NLD,2006,10.669,0.969
ISL,2006,14.52,1.242
CAN,2006,17.934,1.675
SVN,2006,21.146,1.654
KOR,2006,28.059,1.36
DEU,2006,14.968,1.524
ROU,2005,28.29,1.564
PRT,2005,21.904,2.114
JPN,2005,19.794,1.516
FRA,2005,17.568,1.795
FIN,2005,15.738,1.304
CZE,2005,25.7,1.63
LTU,2005,34.341,1.94
EST,2005,22.063,1.168
IRL,2005,15.473,1.182
SWE,2005,14.169,1.155
BGR,2005,34.274,2.362
NOR,2005,9.662,0.802
NZL,2005,10.697,0.885
NLD,2005,11.151,1.014
ITA,2005,20.37,1.699
HUN,2005,31.27,2.497
DNK,2005,8.58,0.78
LVA,2005,22.548,1.315
LUX,2008,10.226,0.637
POL,2008,24.605,1.569
PRT,2008,20.936,2.006
GRC,2008,27.566,2.433
AUT,2008,13.432,1.306
ISR,2008,13.435,0.917
EST,2008,18.031,1.074
SWE,2008,13.893,1.14
IRL,2008,15.953,1.456
SVN,2004,21.234,1.686
KOR,2004,28.51,1.217
DEU,2004,14.014,1.422
ROU,2004,27.014,1.48
PRT,2004,22.096,2.106
JPN,2004,19.459,1.466
FRA,2004,17.63,1.792
FIN,2004,15.655,1.262
CZE,2004,25.671,1.63
CYP,2004,22.153,1.197
ESP,2004,20.677,1.584
USA,2004,12.846,1.869
MEX,2004,35.048,2.087
AUS,2004,15.656,1.266
ESP,2010,17.05,1.555
USA,2010,12.521,2.028
MEX,2010,25.476,1.462
BEL,2010,13.842,1.412
AUS,2010,15.63,1.316
NOR,2010,7.653,0.678
SVK,2010,29.198,2.238
ITA,2010,18.75,1.672
LVA,2010,25.794,1.573
LUX,2010,9.668,0.644
ROU,2021,23.886,1.548
GBR,2021,9.463,1.17
FRA,2021,12.539,1.543
FIN,2021,11.27,1.155
CZE,2021,13.357,1.267
LTU,2021,19.624,1.535
BGR,2021,30.602,2.618
EST,2021,14.698,1.101
POL,2021,19.004,1.224
IRL,2021,10.67,0.717
CHE,2021,10.593,1.25
SVK,2021,21.047,1.631
HUN,2021,23.003,1.697
DNK,2021,5.848,0.633
LVA,2021,16.784,1.518
PRT,2009,19.966,2.023
POL,2009,24.574,1.619
AUT,2009,12.369,1.265
GRC,2009,27.349,2.573
CYP,2009,17.83,1.153
ESP,2009,17.225,1.569
USA,2009,12.871,2.085
MEX,2009,32.454,1.989
BEL,2009,14.179,1.463
AUS,2009,15.535,1.327
NLD,2009,9.608,0.96
ISL,2009,15.934,1.398
CAN,2009,17.632,1.88
SVN,2012,20.135,1.755
CHE,2012,10.377,1.053
KOR,2012,23.782,1.435
DEU,2012,14.131,1.534
ROU,2012,36.404,1.641
JPN,2012,18.887,2.016
FRA,2012,14.416,1.629
FIN,2012,12.158,1.165
CZE,2012,19.854,1.514
LTU,2012,28.942,1.816
CYP,2012,16.093,1.052
USA,2012,12.145,1.958
ESP,2012,15.808,1.447
MEX,2012,23.389,1.325
BEL,2012,12.768,1.341
AUS,2012,15.308,1.328
HRV,2015,21.073,1.41
CRI,2015,14.541,1.104
NLD,2015,7.732,0.798
ISL,2015,12.644,1.02
GRC,2015,27.234,2.239
CAN,2015,16.722,1.796
LUX,2015,11.681,0.594
ROU,2015,33.431,1.652
GBR,2015,12.076,1.183
JPN,2015,19.735,2.121
FRA,2015,14.419,1.651
CZE,2015,17.997,1.326
LTU,2015,26.869,1.744
SVK,2011,28.72,2.096
NOR,2011,7.998,0.699
ITA,2011,18.544,1.627
HUN,2011,35.001,2.619
DNK,2011,7.679,0.798
LVA,2011,26.092,1.494
SVN,2011,19.556,1.669
CHE,2011,10.323,1.037
KOR,2011,24.661,1.459
DEU,2011,14.287,1.54
PRT,2011,18.315,1.782
POL,2011,24.148,1.518
AUT,2011,12.291,1.232
BRA,2019,18.216,1.751
CHE,2019,10.681,1.182
SVK,2019,24.439,1.691
NOR,2019,6.995,0.73
HUN,2019,27.435,1.723
DNK,2019,6.601,0.67
LVA,2019,23.677,1.566
MLT,2019,19.672,1.8
SVN,2019,17.365,1.476
KOR,2019,19.503,1.594
DEU,2019,13.714,1.607
PRT,2019,14.775,1.406
AUT,2019,11.836,1.241
PRT,2017,15.013,1.397
AUT,2017,12.085,1.255
CYP,2017,18.228,1.207
ESP,2017,15.386,1.376
USA,2017,11.954,2.004
BEL,2017,11.513,1.243
AUS,2017,12.275,1.243
HRV,2017,21.589,1.437
CRI,2017,7.66,0.54
NLD,2017,7.583,0.767
ITA,2017,17.609,1.528
ISL,2017,10.95,0.905
GRC,2017,28.75,2.339
CAN,2017,16.426,1.791
CYP,2018,18.133,1.238
ESP,2018,15.217,1.369
USA,2018,11.766,1.957
BEL,2018,11.237,1.22
AUS,2018,11.93,1.2
BRA,2018,18.2,1.723
CHE,2018,10.661,1.148
NOR,2018,7.307,0.728
SVK,2018,25.513,1.701
HUN,2018,26.762,1.761
DNK,2018,6.436,0.65
LVA,2018,26.487,1.639
LUX,2018,11.277,0.595
ROU,2013,39.231,2.05
GBR,2013,12.301,1.214
JPN,2013,18.854,2.013
FIN,2013,12.014,1.178
CZE,2013,19.043,1.432
LTU,2013,28.173,1.726
ISR,2013,12.957,0.902
EST,2013,18.514,1.163
IRL,2013,13.256,1.362
SWE,2013,10.05,1.096
SVK,2013,26.535,1.989
NOR,2013,7.589,0.673
ITA,2013,17.063,1.497
HUN,2013,30.293,2.192
DNK,2013,6.831,0.704
COL,2013,15.593,1.094
MLT,2020,21.957,2.36
SVN,2020,17.259,1.628
SWE,2020,9.663,1.095
KOR,2020,20.123,1.68
DEU,2020,13.644,1.732
ROU,2020,24.792,1.544
GBR,2020,10.579,1.286
JPN,2020,18.096,1.991
FRA,2020,13.64,1.655
FIN,2020,12.294,1.184
CZE,2020,15.238,1.404
LTU,2020,21.624,1.618
CYP,2020,14.122,1.187
USA,2020,11.037,2.07
ESP,2020,15.081,1.621
BEL,2020,11.176,1.251
AUS,2020,11.961,1.278
LUX,2016,11.603,0.588
PRT,2016,15.428,1.449
AUT,2016,11.965,1.239
BGR,2016,36.738,2.739
ISR,2016,13.062,0.927
EST,2016,18.406,1.234
SWE,2016,10.227,1.11
POL,2016,20.983,1.379
IRL,2016,12.705,0.949
BGR,2014,34.883,2.68
ISR,2014,12.858,0.906
SWE,2014,10.024,1.097
EST,2014,17.994,1.145
POL,2014,21.468,1.357
IRL,2014,12.95,1.232
HRV,2014,22.065,1.459
CRI,2014,14.751,1.13
NLD,2014,7.518,0.794
ISL,2014,12.971,1.067
GRC,2014,28.242,2.229
CAN,2014,16.628,1.706
COL,2014,15.653,1.125
KOR,2014,21.747,1.393
DEU,2014,14.355,1.583
SVK,2005,33.282,2.193
CYP,2010,16.075,1.045
HUN,2010,33.273,2.478
DNK,2010,7.898,0.836
NOR,1997,9.633,0.746
CAN,1975,9.319,0.605
FIN,2015,12.136,1.171
ITA,1995,19.534,1.338
PRT,1995,24.275,1.748
ISR,2006,13.333,0.895
FRA,2013,14.896,1.698
BGR,2013,34.911,2.494
LVA,2013,26.284,1.422
TUR,1999,27.339,1.218
LUX,1994,12.248,0.646
MLT,2014,17.32,1.574
SVN,2014,18.543,1.576
HUN,2003,27.593,2.241
DNK,2003,9.241,0.823
GRC,2003,24.572,2.076
LUX,2000,11.036,0.654
LTU,2004,33.914,1.869
NOR,2021,7.29,0.723
NLD,2022,7.016,0.716
ISL,2022,11.902,1.02
ITA,2022,17.435,1.57
KOR,2022,17.579,1.709
MEX,2018,22.651,1.219
MEX,2017,22.965,1.253
MEX,2020,21.516,1.339
